model,mode,max_turns,max_sessions,max_tokens,start_iso,end_iso,window_seconds,llm_gateway_requests_total_rate_per_s,llm_gateway_estimated_gpu_cost_usd_total_increase,llm_gateway_time_to_first_token_seconds_p50,llm_gateway_time_to_first_token_seconds_p95,llm_gateway_time_per_output_token_seconds_p50,llm_gateway_time_per_output_token_seconds_p95,llm_gateway_stream_inter_chunk_delay_seconds_p95,llm_gateway_stream_inter_chunk_delay_observations_per_s,llm_gateway_prompt_tokens_total_increase,llm_gateway_completion_tokens_total_increase,llm_gateway_prompt_tokens_total_rate_per_s,llm_gateway_completion_tokens_total_rate_per_s,llm_gateway_completion_tokens_per_second_p50,llm_gateway_completion_tokens_per_second_p95,llm_gateway_cost_per_total_token_usd,llm_gateway_cost_per_completion_token_usd,llm_gateway_request_duration_seconds_p50,llm_gateway_request_duration_seconds_p95,llm_gateway_request_duration_seconds_p99,vllm_kv_cache_usage_perc_avg,vllm_kv_cache_usage_perc_max,vllm_prefix_cache_hits,vllm_prefix_cache_queries,vllm_prefix_cache_hit_rate,vllm_request_prefill_time_seconds_p50,vllm_request_prefill_time_seconds_p99,vllm_inter_token_latency_seconds_p50,vllm_inter_token_latency_seconds_p99,vllm_time_to_first_token_seconds_p50,vllm_time_to_first_token_seconds_p95,vllm_time_to_first_token_seconds_p99,vllm_generation_tokens_total_rate_per_s,vllm_num_requests_running_min,vllm_num_requests_running_max,vllm_num_requests_running_avg,vllm_num_requests_waiting_min,vllm_num_requests_waiting_max,vllm_num_requests_waiting_avg,vllm_num_requests_waiting_capacity_avg,vllm_num_requests_waiting_deferred_avg,vllm_request_queue_time_seconds_min,vllm_request_queue_time_seconds_avg,vllm_request_queue_time_seconds_max,vllm_e2e_request_latency_seconds_p50,vllm_e2e_request_latency_seconds_p95,vllm_e2e_request_latency_seconds_p99,vllm_request_max_num_generation_tokens_p50,vllm_request_max_num_generation_tokens_p95,vllm_request_params_max_tokens_p50,vllm_request_params_max_tokens_p95,vllm_request_params_n_p50,vllm_request_params_n_p95,vllm_kv_block_idle_before_evict_seconds_p50,vllm_kv_block_idle_before_evict_seconds_p95,vllm_kv_block_lifetime_seconds_p50,vllm_kv_block_lifetime_seconds_p95,vllm_kv_block_reuse_gap_seconds_p50,vllm_kv_block_reuse_gap_seconds_p95,vllm_spec_decode_accepted_tokens_total_increase,vllm_spec_decode_draft_tokens_total_increase,vllm_spec_decode_accepted_tokens_rate_per_s,vllm_spec_decode_draft_tokens_rate_per_s,vllm_spec_decode_accepted_over_draft_rate,vllm_spec_decode_draft_acceptance_rate,count,min,p25,p50,p75,p95,p99,max,mean
q35_4b,base-conv,16,16,1024,2026-05-18T21:29:43.401848+00:00,2026-05-18T21:35:41.851465+00:00,358,0.798162545542871,1.699724676657061,0.0008492093587412474,0.002025351866790377,9.699817226958646e-05,0.00013566880927229588,0.049301987437906224,466.65823819933615,266006.8950028985,166492.16489275362,743.036019561169,465.06191310825034,34.60874339745376,48.460874339745374,3.93000779485428e-06,1.020903703037283e-05,0.05218264297437552,0.15605625312425317,0.16528946291535346,0.1222744483614049,0.16216216216216217,0.0,0.0,,0.17647058823529407,0.6199999999999993,0.03343591774692514,0.15060792951541777,0.233125,0.4857712765957446,0.6554166666666665,476.6831213617093,3.0,16.0,13.304347826086957,0.0,0.0,0.0,0.0,0.0,0.003,0.15,0.297,16.304347826086957,31.428571428571423,38.285714285714285,598.4848484848485,1820.8955223880596,1500.0,1949.9999999999998,0.5,0.9499999999999998,,,,,,,,,,,,,275,6.0,205.5,588.0,1024.0,1024.0,1024.0,1024.0,576.8072727272727
q35_4b,base-conv,16,32,1024,2026-05-18T21:45:06.227980+00:00,2026-05-18T21:49:52.998354+00:00,286,0.9894067324695928,2.189682199985823,0.001344262300214921,0.009277675827915525,0.00012256632274204615,0.00017062326592838569,0.08084305395845362,570.8156275456864,263454.5490933199,162687.32882709373,921.1697520745452,568.8368140807473,34.10762396164039,48.41076239616404,5.138387737604068e-06,1.3459451426072932e-05,0.08252570748791278,0.19706375955998007,0.20724491974416387,0.18911016279437334,0.2927927927927928,0.0,0.0,,0.20192307692307693,0.9485714285714285,0.03678201306338627,0.21733333333333202,0.29793233082706766,2.658333333333332,4.531666666666666,586.5357550258515,1.0,32.0,21.263157894736842,0.0,0.0,0.0,0.0,0.0,0.0032307692307692306,0.16153846153846152,2.666666666666665,21.176470588235293,46.58536585365854,49.3170731707317,582.089552238806,1833.3333333333333,1500.0,1950.0,0.5,0.95,,,,,,,,,,,,,277,6.0,177.0,557.0,1024.0,1024.0,1024.0,1024.0,568.2960288808664
q35_4b,base-conv,16,64,1024,2026-05-18T21:50:40.476898+00:00,2026-05-18T21:55:07.406451+00:00,266,1.0588152249786276,2.6823334948233795,0.001688805527595193,0.017063303626075103,0.0001605784207128088,0.0003482654908112795,0.09799859335276326,626.7138608908447,262944.616026541,166140.94984353063,988.5135940847406,624.5900370057542,23.7012987012987,47.37012987012987,6.251278784883661e-06,1.6144926927103558e-05,0.1000784929356358,0.21301536809055607,0.22305420143766005,0.2406573239906573,0.4924924924924925,0.0,0.0,,0.29068965517241374,1.0316666666666667,0.0369537969565537,0.2684973214285711,0.4067028985507246,4.612179487179486,6.621875,646.7088880610185,0.0,60.0,27.61111111111111,0.0,7.0,0.3888888888888889,0.3888888888888889,0.0,0.003849315068493151,0.19246575342465755,4.810135135135135,24.270833333333332,55.98571428571428,59.19714285714286,597.8260869565217,1834.705882352941,1500.0,1950.0,0.5,0.95,,,,,,,,,,,,,256,8.0,198.5,540.5,1014.25,1024.0,1024.0,1024.0,559.52734375
q35_4b,base-conv,16,64,2048,2026-05-18T22:04:20.076272+00:00,2026-05-18T22:10:42.438072+00:00,382,0.7222101853857992,3.24043195882072,0.0011779338390396437,0.011265117042380198,0.00010561473753138958,0.0002371964292558918,0.17851767333665744,546.5685924431801,266040.0885651906,208217.9811336478,696.440022421965,545.0732490409628,24.838709677419356,47.483870967741936,6.832634310004355e-06,1.556269031703271e-05,0.08587894082639648,0.15706806282722513,0.15706806282722513,0.2171171171171171,0.48948948948948945,0.0,0.0,,0.2076923076923077,0.8380000000000021,0.035070520600793256,0.21992959878879612,0.3475609756097561,0.6107142857142853,0.8524999999999995,549.391117876468,1.0,64.0,23.2,0.0,0.0,0.0,0.0,0.0,0.0030955414012738855,0.15477707006369426,4.1899999999999995,29.375,101.3076923076923,116.26153846153846,796.2962962962964,3784.9999999999995,3500.0,4850.0,0.5,0.95,,,,,,,,,,,,,270,6.0,207.5,620.0,1138.5,2048.0,2048.0,2048.0,740.2444444444444
q35_4b,base-conv,2,32,1024,2026-05-18T22:12:14.536028+00:00,2026-05-18T22:14:16.891358+00:00,122,1.0192718737187498,1.0166151818940692,0.0030702794637100356,0.03274057681833937,0.0002867814601728458,0.00039934095382125053,0.060406239167323565,660.7949964854911,70919.81807272519,80368.28723404257,581.3099842026655,658.7564527380538,34.264860897220004,48.426486089722,6.719729748962569e-06,1.2649456855209044e-05,0.20992455683137276,0.4636154065028094,0.4861657042513816,0.16535285285285284,0.2807807807807807,0.0,0.0,,0.19887640449438204,0.9948571428571429,0.035817367601246104,0.131924821002386,0.23911290322580647,4.041666666666666,4.808333333333334,609.9291455563598,0.0,32.0,20.125,0.0,0.0,0.0,0.0,0.0,0.0036122448979591837,0.18061224489795918,4.41,24.28571428571429,39.34090909090909,46.06666666666667,791.6666666666667,1917.0212765957447,1517.5438596491229,1983.3333333333333,0.5,0.95,,,,,,,,,,,,,109,3.0,212.0,743.0,1024.0,1024.0,1024.0,1024.0,637.3853211009174
q35_4b,dflash-2,16,16,1024,2026-05-23T21:47:01.219228+00:00,2026-05-23T21:52:33.533420+00:00,332,0.8580572289156626,1.6547238349052011,0.0010161662661419281,0.003778876975793086,0.00016786259256138775,0.00028787059660553637,0.09507779072726048,266.1738704819277,262833.60000000003,163754.30000000002,791.6674698795182,493.23584337349405,35.044519860616425,49.32666219877159,3.8789750832248195e-06,1.0104918374083617e-05,0.050823563387274916,0.16773295874836602,0.17812490500268527,0.44887134575058596,0.5495251017639078,0.0,0.0,,0.19328358208955224,0.6890000000000003,0.038591361241470654,0.19830861244019146,0.275390625,0.48984374999999997,0.6628571428571427,507.084205966724,1.0,16.0,13.863636363636363,0.0,0.0,0.0,0.0,0.0,0.003,0.15,0.297,15.642857142857142,33.52499999999999,38.705,552.4193548387098,1824.9999999999998,1500.0,1950.0,0.5,0.9500000000000001,,,,,,,78457.71666666667,179516.18117460317,236.31842369477914,540.7113890801301,0.4370509452312613,,412,0.0,172.0,498.5,1024.0,1024.0,1024.0,1024.0,547.0364077669902
q35_4b,dflash-2,16,32,1024,2026-05-23T21:52:26.109365+00:00,2026-05-23T21:57:09.426577+00:00,283,1.039052034967807,2.481339214521672,0.0018170619020587862,0.013743052164305504,0.0002574128364254721,0.0003443846985357153,0.19184286835672254,325.7465134972167,273468.79865724436,171940.5246550953,966.3208433118175,607.5636913607608,31.755835023862872,49.17239493880698,5.570918893365088e-06,1.4431380964430132e-05,0.0909180040796802,0.19990452125602454,0.2095922116716996,0.7666214382632294,0.9932157394843962,0.0,0.0,,0.2837837837837837,0.9771428571428565,0.06320105679716166,0.265214434710054,0.46799999999999997,3.7499999999999982,4.75,593.2918349207757,1.0,32.0,23.61111111111111,0.0,1.0,0.3333333333333333,0.3333333333333333,0.0,0.004397905759162303,0.21989528795811517,4.63157894736842,22.17391304347826,48.0,52.999999999999986,607.1428571428571,1835.2941176470588,1500.0,1950.0,0.5,0.95,,,,,,,78511.73209136205,178537.54965897484,277.4266151638235,630.8747337772962,0.43974912975633174,,270,6.0,206.25,580.0,1024.0,1024.0,1024.0,1024.0,584.0222222222222
q35_4b,dflash-2,16,64,1024,2026-05-23T21:57:02.465633+00:00,2026-05-23T22:01:36.021477+00:00,273,1.0684368550632573,3.2146472010010108,0.01765161644252811,0.16332388273831017,0.000268580149330083,0.00035975044519796794,0.20001506039603367,328.66161557740503,271621.6983606557,166130.30517687663,994.9512760463579,608.5359163988155,17.208123439298447,49.02896609567309,7.343535095266311e-06,1.935015527467081e-05,0.11812295593213923,0.21974598747177249,0.21978021978021978,0.7722749886928991,0.9972862957937585,0.0,0.0,,0.32123893805309733,0.9754285714285714,0.06301007732679109,0.2705549295774648,4.778225806451613,30.241379310344815,38.04827586206896,619.3514734604554,1.0,35.0,24.27777777777778,0.0,29.0,8.0,8.0,0.0,0.013,4.528301886792453,37.4,29.761904761904763,59.9032258064516,107.74285714285712,567.5675675675675,1818.9873417721517,1500.0,1950.0,0.5,0.95,,,,,,,78534.42257763415,180814.39967369733,287.67187757375143,662.3238083285617,0.4343372138466822,,272,6.0,211.0,561.0,1024.0,1024.0,1024.0,1024.0,567.8786764705883
q35_4b,dflash-2,16,64,2048,2026-05-23T22:01:31.341056+00:00,2026-05-23T22:07:38.970064+00:00,367,0.7855163538127977,3.9779685636369426,0.0267083929101357,0.1434703391221562,0.00019900824139237135,0.0002661230563435907,0.1840825883552709,297.3462316571344,267612.15613224497,204787.15414091753,729.188436327643,558.0031447981404,16.504424778761063,48.761627906976734,8.420775553920056e-06,1.9424893032595368e-05,0.10289688799655815,0.16348773841961853,0.16348773841961853,0.7208276797829037,0.9972862957937585,0.0,0.0,,0.321505376344086,0.7769999999999997,0.06156370542391561,0.2687799367374604,6.458333333333333,18.26595744680851,19.653191489361703,552.1699455836076,2.0,33.0,21.541666666666668,0.0,30.0,8.166666666666666,8.166666666666666,0.0,0.016941176470588234,7.555555555555555,40.4,33.33333333333333,107.67567567567565,124.79999999999997,666.6666666666666,3199.999999999996,3500.0,4850.0,0.5,0.95,,,,,,,95465.57445374758,214065.08201451853,260.1241810728817,583.2836022193966,0.44596518757446313,,269,6.0,204.0,545.0,1097.0,2048.0,2048.0,2048.0,710.7100371747212
q35_4b,dflash-2,2,32,1024,2026-05-23T22:07:33.544944+00:00,2026-05-23T22:09:31.560952+00:00,118,0.9703389830508474,0.998209212987871,0.003777068537318635,0.036222845547863446,0.0006265989766549409,0.0008325671570195076,0.12103034737243976,335.91031073446334,65103.24999999999,74127.16666666666,551.7224576271186,628.1963276836158,33.483653964948786,48.34836539649488,7.169476590576445e-06,1.346617249619961e-05,0.2253884254666073,0.48016596119072846,0.5028128532550948,0.7943399883698391,0.989145183175034,0.0,0.0,,0.2954081632653061,1.017499999999996,0.05959296185205526,0.24833260073260055,0.4110169491525424,4.928571428571428,8.53333333333332,668.1207686440679,10.0,32.0,26.428571428571427,0.0,2.0,0.2857142857142857,0.2857142857142857,0.0,0.005567307692307692,0.27836538461538457,10.17499999999996,28.03571428571428,71.74999999999999,110.35,772.2222222222222,2368.1818181818116,1927.8846153846152,4674.7191011235955,0.5,0.95,,,,,,,36795.0022,84005.6338,311.8220525423729,711.9121508474576,0.4380063638065189,,113,19.0,298.0,882.0,1024.0,1024.0,1024.0,1024.0,670.0265486725664
q35_4b,mtp-2,16,16,1024,2026-05-18T22:54:50.499427+00:00,2026-05-18T22:59:51.149172+00:00,300,0.9369272112662879,1.443957081354886,0.0011035324833362798,0.00788469013346501,0.00014100517526393708,0.00030788035337081434,0.09134346171528554,265.15102704283345,261636.1315706366,159323.68131447822,872.1204385687886,531.0789377149274,35.394739372144606,49.65602244699491,3.430154226500856e-06,9.063041158989775e-06,0.04618490188376068,0.183912276453549,0.1967824552907098,0.31567460317460316,0.40476190476190477,0.0,0.0,,0.1987802428301501,2.080972083986663,0.038594821113574825,0.19666328125000007,0.2483598606519476,0.49699384320338225,3.3156832306092263,544.5170028879119,0.0,16.0,13.3,0.0,0.0,0.0,0.0,0.0,0.003054359103001057,0.15271795515005285,2.031762094666761,13.872455761908009,28.86111988041265,30.635241893335227,555.3807038962813,1804.9008727778155,1500.0,1950.0,0.5,0.95,,,,,,,82629.71917426074,161423.39313848995,275.4323972475358,538.0779771282998,0.5118819371079025,,278,8.0,196.0,545.0,1024.0,1024.0,1024.0,1024.0,567.1690647482014
q35_4b,mtp-2,16,32,1024,2026-05-18T23:00:58.274153+00:00,2026-05-18T23:05:14.785206+00:00,256,1.1366719573550552,2.0892158513331163,0.0016435072022353803,0.01031921401887788,0.00028375782192656976,0.0003806039185045407,0.18773410328287315,327.79352165189266,271019.8932438908,167684.5614758026,1058.6714579839484,655.0178182648539,34.7420043733973,49.527324480737484,4.762239883495151e-06,1.2459202164741902e-05,0.08146613252530108,0.2190841132525301,0.23131682265050604,0.48856209150326796,0.7559523809523809,0.0,0.0,,0.2634375,0.9597777777777775,0.06290015599301423,0.26383919270833356,0.3618827160493827,2.804687499999996,4.5609375,623.0172122848464,0.0,32.0,20.58823529411765,0.0,0.0,0.0,0.0,0.0,0.003254826254826255,0.16274131274131273,4.219444444444445,18.24074074074074,39.73376623376623,47.65833333333333,571.969696969697,1832.738095238095,1500.0,1950.0,0.5,0.95,,,,,,,80398.99501256234,158150.5564513777,314.05857426782165,617.7756111381941,0.508369978687242,,271,6.0,187.5,554.0,1024.0,1024.0,1024.0,1024.0,580.2140221402213
q35_4b,mtp-2,16,64,1024,2026-05-18T23:05:55.755045+00:00,2026-05-18T23:09:57.600863+00:00,241,1.1988606758719083,2.6498134717074873,0.0033292202490186797,0.12981097946196934,0.0003020082704638583,0.00040735445845216714,0.21136804319778324,347.1475270980533,269069.6979404628,168016.34256584386,1116.4717756865675,697.1632471611779,27.466875326425672,49.64218674315671,6.062452757901e-06,1.577116506192874e-05,0.11649092943782562,0.24103851652841599,0.24896265560165975,0.613343253968254,0.9900793650793651,0.0,0.0,,0.3292035398230088,0.9531666666666665,0.06847487596326401,0.28186187322611156,0.5549999999999998,16.73749999999999,19.547499999999992,723.531346388032,1.0,45.0,26.0625,0.0,45.0,4.9375,4.9375,0.0,0.005203703703703703,0.26018518518518513,19.121875,23.644067796610166,55.527777777777764,91.89999999999992,593.75,1828.6585365853657,1500.0,1950.0,0.5,0.95,,,,,,,88417.29406849715,171828.2593043617,366.8767388734322,712.9803290637416,0.5145678273553502,,270,6.0,193.5,571.5,1024.0,1024.0,1024.0,1024.0,574.8851851851852
q35_4b,mtp-2,16,64,2048,2026-05-24T00:05:11.176225+00:00,2026-05-24T00:10:46.868307+00:00,335,0.8476163567734706,3.2931088997943303,0.004813512963475252,0.09371002132196168,0.00021820351773980316,0.0002938100672718405,0.20582345648492795,306.2300404921719,264626.89219081844,207837.53467131848,789.9310214651297,620.4105512576671,24.687500000000004,49.71874999999999,6.970067400979683e-06,1.5844630302231824e-05,0.103125,0.1791044776119403,0.1791044776119403,0.5670995670995671,1.0,0.0,0.0,,0.32450980392156864,0.946,0.06757282113029667,0.2744733210671571,0.4810606060606061,13.566666666666652,18.71333333333333,620.2273658011611,0.0,44.0,23.454545454545453,0.0,19.0,3.090909090909091,3.090909090909091,0.0,0.0055078125,0.275390625,18.874999999999996,28.81578947368421,103.60465116279069,116.72093023255813,738.6363636363636,2650.0,3500.0,4850.0,0.5,0.95,,,,,,,106085.79709776855,203440.2966358623,316.6740211873688,607.2844675697382,0.5214591152885089,,271,9.0,198.5,579.0,1110.5,2023.5,2048.0,2048.0,728.8892988929889
q35_4b,mtp-2,2,32,1024,2026-05-24T02:26:11.804001+00:00,2026-05-24T02:28:17.340213+00:00,125,1.076159728769654,0.9474126193741113,0.003409090909090909,0.08523076923076918,0.0005736897021847222,0.0007773689702184723,0.09949342559334652,328.34067648,73575.64709333333,81847.46601333334,588.6051767466666,654.7797281066667,35.0,48.79032258064516,6.095699670639742e-06,1.1575344546644526e-05,0.18521739130434778,0.45052173913043475,0.4741043478260869,0.3628747795414462,0.7638888888888888,0.0,0.0,,0.22799999999999998,1.9912499999999995,0.061752877804014165,0.19315469613259673,0.2692307692307692,6.403846153846152,7.280769230769231,582.0215091956035,0.0,32.0,15.88888888888889,0.0,0.0,0.0,0.0,0.0,0.003758241758241758,0.1879120879120879,4.841666666666667,21.85185185185185,40.49999999999999,48.1,770.8333333333334,1876.086956521739,1500.0,1950.0,0.5,0.95,,,,,,,36640.447722140285,72194.29860920145,293.1235817771223,577.5543888736116,0.5075255030938179,,191,0.0,0.0,114.0,933.5,1024.0,1024.0,1024.0,367.869109947644
q35_4b,ngram-2,16,16,1024,2026-05-24T01:16:55.677229+00:00,2026-05-24T01:25:53.215126+00:00,537,0.5334661603828915,2.615188359683997,0.0005026657605416747,0.0036979781247047866,0.00012802251120566538,0.00018040001648369505,0.09678213433419894,257.0336858872025,265539.2611487573,156418.53417762718,494.48651983008807,291.28218655051614,25.331522478324327,47.69291556144191,6.197748657922407e-06,1.6719171889913107e-05,0.04431510177564505,0.10499016939544159,0.1103835087394235,0.2713056306860093,0.35111876075731496,0.0,0.0,,0.16171875,0.5929999999999993,0.04887246747950947,0.21894906621392227,0.23043478260869563,0.48399999999999993,0.6466666666666663,293.9049617160616,1.0,16.0,13.257142857142858,0.0,0.0,0.0,0.0,0.0,0.003,0.15,0.29699999999999993,22.66666666666667,56.368421052631575,59.27368421052631,490.62500000000006,1823.0769230769229,1500.0,1950.0,0.5,0.95,,,,,,,19276.08636189841,67829.61848413252,35.895877768898345,126.31213870415739,0.2841839124660224,,280,8.0,178.75,493.5,1024.0,1024.0,1024.0,1024.0,545.925
q35_4b,ngram-2,16,32,1024,2026-05-24T01:25:45.613732+00:00,2026-05-24T01:33:12.195332+00:00,446,0.6489789320702343,3.723357498574945,0.0008462866621096837,0.005669504003028821,0.0001637900773780141,0.00021855111672273883,0.11049126127873936,317.0952022236804,267690.08712360205,159863.62341994423,600.2019890663723,358.4386175335072,15.399640498648614,33.266563323736214,8.70851405743027e-06,2.3290836394932028e-05,0.08061138522372154,0.13452914798206278,0.13452914798206278,0.47219419550121666,0.6540447504302926,0.0,0.0,,0.17748091603053437,0.49521739130434783,0.06051510223048327,0.27538501102130797,0.3171875,0.49296874999999996,0.6718749999999998,354.9519592070484,2.0,32.0,23.137931034482758,0.0,0.0,0.0,0.0,0.0,0.003,0.15,0.297,33.69565217391305,107.43243243243242,117.48648648648648,576.3888888888889,1835.1063829787233,1500.0,1950.0,0.5,0.95,,,,,,,19008.549189603415,68520.17321376702,42.620065447541286,153.63267536719061,0.2774153697817015,,275,6.0,180.0,498.0,1024.0,1024.0,1024.0,1024.0,556.9454545454546
q35_4b,ngram-2,16,64,1024,2026-05-24T01:33:05.618220+00:00,2026-05-24T01:39:59.741140+00:00,414,0.6843180973615757,4.4509970752077965,0.0011892038761453687,0.03314630828075364,0.00021852602129175433,0.0005584840068771372,0.22308106692054822,330.60590858416947,260949.42307692312,154386.28846153847,630.3126161278336,372.913740245262,12.18015857498915,33.96371552975329,1.0716625013343254e-05,2.8830261544351152e-05,0.10106573762238207,0.14492753623188406,0.14492753623188406,0.5686237011538217,0.9931153184165232,0.0,0.0,,0.1857142857142857,0.7063999999999996,0.065996288047513,0.28406827545615027,0.32894736842105265,0.5624999999999998,0.7124999999999999,374.2021986568591,3.0,53.0,28.14814814814815,0.0,46.0,2.7777777777777777,2.7777777777777777,0.0,0.00325,0.16249999999999998,11.099999999999957,39.58333333333333,109.6,117.92,709.3023255813953,1852.830188679245,1500.0,1950.0,0.5,0.95,,,,,,,18196.418147820037,66314.35716901635,43.95270084014502,160.1796066884453,0.27439635886754604,,273,6.0,176.0,474.0,1024.0,1024.0,1024.0,1024.0,539.6190476190476
q35_4b,ngram-2,16,64,2048,2026-05-24T01:39:56.076791+00:00,2026-05-24T01:49:02.709001+00:00,546,0.5083384841115342,4.217046139757197,0.0008967909289502888,0.023143523143523137,0.00013987984043910476,0.0004041545613746254,0.2021861173022289,297.10912039731653,264039.9854430343,185491.46619260253,483.5897169286343,339.7279600597116,15.306122448979592,43.71428571428571,9.380981295999018e-06,2.273444825423119e-05,0.07197802197802199,0.10989010989010989,0.10989010989010989,0.44739672977624784,0.9965576592082617,0.0,0.0,,0.18442622950819673,0.48928571428571427,0.04888121849660312,0.22349999999999973,0.3263888888888889,0.48263888888888884,0.4965277777777778,280.4597656881851,2.0,50.0,21.3125,0.0,5.0,0.3125,0.3125,0.0,0.003,0.15,0.297,45.3125,110.83333333333334,150.0000000000004,824.074074074074,2187.5000000000023,3500.0,4850.0,0.5,0.95,,,,,,,20317.23755459188,74740.81277392223,37.21105779229282,136.88793548337404,0.27183591936641016,,253,6.0,186.0,524.0,1014.0,1804.0,2048.0,2048.0,662.0197628458498
q35_4b,ngram-2,2,32,1024,2026-05-24T01:48:55.812851+00:00,2026-05-24T01:51:58.504380+00:00,182,0.628021978021978,1.563030263560582,0.001910929206847574,0.022150307319798834,0.0004095169536346007,0.0005354571898689545,0.09925050796082874,332.4225274725275,64297.049999999996,68335.65000000002,353.28049450549446,375.47060439560454,15.505780346820808,33.671428571428535,1.178465237879182e-05,2.2872838168080373e-05,0.2095488402874924,0.32967032967032966,0.32967032967032966,0.47016637980493403,0.6402753872633391,0.0,0.0,,0.18028846153846156,0.765909090909091,0.059593084244054094,0.1615032051282058,0.2153846153846154,3.983333333333332,4.796666666666667,414.44138716832936,1.0,32.0,24.083333333333332,0.0,0.0,0.0,0.0,0.0,0.0036057692307692314,0.18028846153846156,4.715909090909091,37.916666666666664,107.9032258064516,117.58064516129032,646.5517241379312,1893.75,1553.0973451327434,3437.4999999999986,0.5,0.95,,,,,,,9008.557679487025,30937.065903829138,49.49756966751112,169.9838785924678,0.2911897885691875,,114,27.0,219.75,722.0,1024.0,1024.0,1024.0,1024.0,611.7982456140351
q35_4b,prefix-cache,16,16,1024,2026-05-18T22:28:11.028891+00:00,2026-05-18T22:34:03.380014+00:00,352,0.8247994148040284,1.7189043792791263,0.0006639387544605739,0.006195479250145821,9.912512627845061e-05,0.00013775342171875414,0.049403425659613046,491.72229182609897,269152.5570444174,172505.58793476477,764.6379461489131,490.07269299649084,34.944687972175366,48.49446879721753,3.891934064433812e-06,9.964340285192109e-06,0.05197220428294807,0.1586063113373857,0.1680848986311135,0.1196630658436214,0.15586419753086422,0.0,0.0,,0.15521739130434783,0.4404999999999999,0.035210511033681766,0.08659678379988091,0.1828729281767956,0.41293103448275836,0.4894827586206894,481.024743104256,0.0,16.0,13.0,0.0,0.0,0.0,0.0,0.0,0.003,0.15,0.297,15.178571428571429,28.706521739130434,29.741304347826087,593.2203389830509,1832.394366197183,1500.0,1950.0,0.5,0.95,,,,,,,,,,,,,277,4.0,219.0,586.0,1024.0,1024.0,1024.0,1024.0,590.8736462093863
q35_4b,prefix-cache,16,32,1024,2026-05-18T22:34:56.717287+00:00,2026-05-18T22:39:43.590803+00:00,286,1.0058809199185939,2.1805151677912162,0.001276215320187902,0.009723218066185813,0.000122372512073427,0.00016991039773643486,0.08265956971829624,580.6266676061399,267331.50359626964,165483.86304916258,934.7255370498939,578.6149057663027,34.42658327841988,48.44265832784199,5.037980016031921e-06,1.3176603008979918e-05,0.08075854605900828,0.19688704341708962,0.20720957651558577,0.17893518518518517,0.2993827160493827,0.0,0.0,,0.20095693779904303,1.2199999999999989,0.0367908057736361,0.1456712135465664,0.27654867256637167,2.7499999999999996,4.55,564.8372314968808,0.0,32.0,19.5,0.0,20.0,1.0,1.0,0.0,0.0032432432432432426,0.16216216216216214,2.424999999999999,20.2,44.615384615384606,48.92307692307692,577.4647887323944,1824.9999999999998,1500.0,1950.0,0.5,0.95,,,,,,,,,,,,,276,6.0,202.25,531.0,1024.0,1024.0,1024.0,1024.0,570.2644927536232
q35_4b,prefix-cache,16,64,1024,2026-05-24T00:21:26.900124+00:00,2026-05-24T00:25:49.986690+00:00,263,1.0875090625755217,2.7724373362958192,0.0017170226962530677,0.042540182413332336,0.00016070607174190676,0.0003510979495435507,0.1145252762693824,651.4843871005643,270738.06283802364,170759.43417445145,1029.4222921597857,649.2754151119827,25.37735849056604,47.5377358490566,6.27962186661611e-06,1.623592482429661e-05,0.10269363865510317,0.21559255778186012,0.22562801725979406,0.25435729847494554,0.49382716049382713,0.0,0.0,,0.3222222222222222,1.2199999999999998,0.036984576330277893,0.19956145022531693,0.3853092783505154,6.575657894736841,7.315131578947368,651.242927024392,1.0,63.0,27.705882352941178,0.0,0.0,0.0,0.0,0.0,0.003888888888888888,0.1944444444444444,4.8977272727272725,23.39622641509434,56.315789473684205,59.26315789473684,600.0,1840.9090909090908,1500.0,1950.0,0.5,0.95,,,,,,,0.0,0.0,0.0,0.0,,,261,6.0,189.0,541.0,1024.0,1024.0,1024.0,1024.0,567.8620689655172
q35_4b,prefix-cache,16,64,2048,2026-05-24T00:27:06.796950+00:00,2026-05-24T00:33:14.096248+00:00,367,0.7156171924648521,3.150735084146814,0.0011036545698036924,0.011361424678863372,0.00011205272767738987,0.00024898066027500995,0.10979890502732723,564.2993127536582,258316.11345668315,206531.6717178451,703.8586197729786,562.7565986862264,25.0,47.5,6.7779931079242695e-06,1.5255457228135043e-05,0.08541595708446867,0.16348773841961853,0.16348773841961853,0.21734567901234567,0.49382716049382713,0.0,0.0,,0.22981651376146786,0.9732000000000007,0.03478482150109658,0.14743915241057537,0.2708333333333333,0.5285714285714285,0.7057142857142857,568.9523947089183,0.0,61.0,22.36,0.0,49.0,1.96,1.96,0.0,0.0032322580645161286,0.16161290322580643,4.478124999999999,29.107142857142858,104.81818181818181,116.96363636363635,859.375,3861.3636363636356,3500.0,4849.999999999999,0.5,0.9499999999999998,,,,,,,0.0,0.0,0.0,0.0,,,273,6.0,218.0,547.0,1096.0,2048.0,2048.0,2048.0,723.1831501831501
q35_4b,prefix-cache,2,32,1024,2026-05-18T22:41:49.941093+00:00,2026-05-18T22:43:45.916728+00:00,115,1.076697557403246,1.0049694010746897,0.0031177131906949835,0.03408968287289779,0.0003064892568538829,0.00042580784889194274,0.05969379727595285,692.1202484720486,70913.84541798143,79346.18813608284,616.6421340694037,689.9668533572421,34.843598627838624,48.48435986278386,6.688201628233344e-06,1.2665629246752407e-05,0.25806439358877553,0.49537165675018185,0.5164656356978625,0.17611882716049382,0.28395061728395066,0.0,0.0,,0.2107142857142857,1.382,0.03631985428630514,0.1329826923076923,0.25,3.964285714285713,4.792857142857143,630.1608617389069,0.0,32.0,20.375,0.0,0.0,0.0,0.0,0.0,0.003575757575757576,0.17878787878787877,4.262499999999998,23.18181818181818,39.07142857142857,44.100000000000016,734.375,1859.5238095238094,1500.0,1950.0,0.5,0.95,,,,,,,,,,,,,109,17.0,226.0,714.0,1024.0,1024.0,1024.0,1024.0,629.2844036697247
q3_4b,base-conv,16,16,1024,2026-05-23T23:15:07.751721+00:00,2026-05-23T23:20:27.626037+00:00,319,0.9269052121819873,1.5656793713152193,0.0005776162214924528,0.0013355671173141232,0.000109717868338558,0.00015203761755485894,0.04938186910907989,477.6350445928444,268362.98139636073,151774.21369974528,841.2632645653941,475.78123416848047,35.0,48.49999999999999,3.7265907174847287e-06,1.0315845710211358e-05,0.041448340603727894,0.17216168563694012,0.1849025565631247,0.20960833494115377,0.32606598495080075,0.0,0.0,,0.15881529174118444,0.5869536035136356,0.03688484503112986,0.07381669928245285,0.15274725274725276,0.2462087912087912,0.4212499999999998,460.8472151327343,1.0,16.0,13.3,0.0,0.0,0.0,0.0,0.0,0.003011278195488722,0.15056390977443607,0.29811654135338345,13.035714285714286,30.4642857142857,38.09285714285714,463.5714285714285,1727.551020408163,1500.0,1950.0,0.5,0.95,,,,,,,0.0,0.0,0.0,0.0,,,280,10.0,179.5,456.0,869.25,1024.0,1024.0,1024.0,513.0571428571428
q3_4b,base-conv,16,32,1024,2026-05-23T23:20:19.877409+00:00,2026-05-23T23:24:56.152706+00:00,276,1.0733229191744422,1.9973870389475334,0.0010519555639240989,0.008542785960502742,0.00012720274104505717,0.0001764678166812608,0.06947796557810579,552.7229419987501,268674.56133237126,151959.05774027074,973.4585555520698,550.5762961604013,33.817508618619854,48.38175086186199,4.748519729238741e-06,1.3144244697551879e-05,0.07297934487841926,0.2029501084008854,0.21450306515843795,0.2932986044118593,0.4711557013312754,0.0,0.0,,0.16594488188976378,0.9547500000000007,0.03693087493546209,0.12463128078817738,0.18738839285714287,2.4892857142857174,4.498214285714286,541.5726657688441,1.0,32.0,19.333333333333332,0.0,13.0,0.7222222222222222,0.7222222222222222,0.0,0.0032298850574712643,0.16149425287356325,3.595000000000007,17.371794871794872,40.63333333333334,48.126666666666665,484.0909090909092,1744.5454545454545,1500.0,1950.0,0.5,0.95,,,,,,,0.0,0.0,0.0,0.0,,,273,10.0,164.0,478.0,859.0,1024.0,1024.0,1024.0,514.5274725274726
q3_4b,base-conv,16,64,1024,2026-05-23T23:24:49.538026+00:00,2026-05-23T23:28:59.752418+00:00,250,1.1481333333333332,2.362579762580838,0.001485935455734845,0.016516115981119347,0.00015444668587896254,0.0003484679832435666,0.08654147693213698,601.5474666666665,258064.0666666667,149812.80000000002,1032.2562666666668,599.2512,23.88640299139951,47.388640299139944,5.792384799581273e-06,1.577021297633338e-05,0.09628144488141083,0.22562814448814109,0.23712562889762823,0.39375120586532897,0.7497588269342079,0.0,0.0,,0.19452054794520546,0.9594285714285714,0.03691212555955377,0.1461439576311989,0.2094262295081967,4.2309782608695645,4.846195652173913,609.054428128375,3.0,57.0,26.25,0.0,26.0,1.625,1.625,0.0,0.003672413793103448,0.1836206896551724,4.791176470588235,20.0,54.08333333333333,58.81666666666667,495.83333333333337,1763.3333333333333,1500.0,1950.0,0.5,0.95,,,,,,,0.0,0.0,0.0,0.0,,,272,10.0,192.25,454.0,836.75,1024.0,1024.0,1024.0,510.8970588235294
q3_4b,base-conv,16,64,2048,2026-05-23T23:28:53.179362+00:00,2026-05-23T23:34:07.568689+00:00,314,0.8487229884879534,2.6775877044297585,0.00113588110403397,0.012071091021162928,0.00013078794818578688,0.0002908262561924982,0.08989864113159125,538.0608055617519,254762.4016155324,168371.25280435645,811.345228074944,536.2141809055938,19.057971014492754,46.65178571428571,6.3279951298147125e-06,1.590287926134905e-05,0.09076433121019108,0.1910828025477707,0.1910828025477707,0.38140073316612,0.7559328574184835,0.0,0.0,,0.17384615384615384,0.9495999999999997,0.0367127091088194,0.14483866362078815,0.1800675675675676,0.3735294117647058,0.4747058823529412,525.9296425989993,1.0,60.0,22.8,0.0,0.0,0.0,0.0,0.0,0.00339,0.1695,4.667647058823529,25.71428571428571,86.09999999999994,113.22,623.5294117647059,1856.8181818181815,3500.0,4850.0,0.5,0.95,,,,,,,0.0,0.0,0.0,0.0,,,279,10.0,183.0,453.0,890.0,1553.0999999999997,2048.0,2048.0,581.931899641577
q3_4b,base-conv,2,32,1024,2026-05-23T23:34:00.160435+00:00,2026-05-23T23:35:46.718332+00:00,106,1.102830188679245,0.8363062703342952,0.0028638814016172503,0.037552106186924075,0.00033404350565374534,0.00046487133998739924,0.059878662916650865,595.3518867924529,65371.600000000006,62873.5,616.7132075471699,593.1462264150944,34.15947737247491,48.41594773724749,6.521155742670052e-06,1.3301411092658992e-05,0.2165422990227467,0.5310881921664256,0.5590478271125304,0.3224001543507621,0.47675091645765,0.0,0.0,,0.17335329341317363,0.9734285714285713,0.03628158053645519,0.10855442804428073,0.18649635036496348,3.3269230769230744,4.665384615384615,641.5809112393941,9.0,32.0,25.5,0.0,0.0,0.0,0.0,0.0,0.003346820809248555,0.16734104046242773,2.4577272727272725,21.40625,49.675,103.45714285714287,641.1290322580645,1864.285714285714,1919.047619047619,4671.022727272727,0.5,0.9499999999999998,,,,,,,0.0,0.0,0.0,0.0,,,109,13.0,199.0,536.0,948.0,1024.0,1024.0,1024.0,553.743119266055
q3_4b,dflash-2,16,16,1024,2026-05-23T22:51:44.521661+00:00,2026-05-23T22:56:36.018451+00:00,291,1.0000164693293552,1.5084227396063483,0.0006899906641559507,0.013192103791604492,0.00021119887473081513,0.00033122313339734293,0.09741826062973191,257.7594732976107,264504.3451839067,152797.5692164103,908.9496398072396,525.077557444709,35.62127610372662,53.18990621488709,3.6147036175811093e-06,9.872033615076288e-06,0.045556912803537755,0.18880305361611138,0.2027090643314697,0.3210482492659626,0.4748820427421593,0.0,0.0,,0.1627906976744186,7.999999999999993,0.0556210462429095,0.12971240105540924,0.184375,1.974999999999993,9.459615384615384,531.1319683465197,1.0,16.0,13.842105263157896,0.0,0.0,0.0,0.0,0.0,0.003065693430656934,0.1532846715328467,7.666666666666657,12.857142857142856,30.83333333333332,40.66666666666658,461.038961038961,1740.7407407407404,1500.0,1950.0,0.5,0.95,,,,,,,79549.51895335272,149922.57921149608,273.36604451323956,515.1978667061721,0.5306039915517465,,273,10.0,184.0,422.0,908.0,1024.0,1024.0,1024.0,522.080586080586
q3_4b,dflash-2,16,32,1024,2026-05-23T22:56:30.012336+00:00,2026-05-23T23:00:58.454561+00:00,268,1.076492537313433,2.1545101816014385,0.0014409027364542663,0.011157203821242133,0.00027446420737025924,0.00036451586612077296,0.1742590056508795,272.13712686567163,261751.4375,147616.90625000003,976.6844682835821,550.8093516791046,31.85256082115842,49.71789762793081,5.263011208597974e-06,1.4595280691986715e-05,0.08149525111150922,0.20964206242458372,0.22103289009685703,0.4794207441511159,0.7199555925617541,0.0,0.0,,0.17530864197530863,0.832000000000001,0.08399678998220188,0.1693612836438927,0.28427419354838707,2.7968749999999964,4.559374999999999,549.626260995948,1.0,32.0,22.41176470588235,0.0,0.0,0.0,0.0,0.0,0.003251908396946565,0.16259541984732825,4.408333333333334,17.83783783783784,47.26829268292683,50.533333333333346,474.2857142857144,1721.56862745098,1500.0,1950.0,0.5,0.95,,,,,,,75504.99259643989,143591.8095743041,281.73504700164136,535.7903342324779,0.5258307755872977,,269,10.0,182.0,483.0,863.0,1024.0,1024.0,1024.0,520.1338289962825
q3_4b,dflash-2,16,64,1024,2026-05-23T23:00:53.408216+00:00,2026-05-23T23:05:13.271469+00:00,259,1.0625482625482625,2.7343251465604417,0.0015645897998839175,0.01820322064224502,0.00048748645870948026,0.0009174745145968166,0.2399409433236065,282.5670527670527,260717.86666666667,149358.30000000002,1006.6326898326898,576.6729729729731,18.380281690140844,49.400000000000006,6.667847021655997e-06,1.8307152307976465e-05,0.11199468153110537,0.23166023166023167,0.23166023166023167,0.5958402719955592,0.9894532334165973,0.0,0.0,,0.2253968253968254,0.9591111111111109,0.10116797295220532,0.2779188069594031,0.3968120805369128,4.6796875,6.615625000000002,561.3710873792065,2.0,61.0,28.1875,0.0,2.0,0.1875,0.1875,0.0,0.004057142857142856,0.20285714285714287,4.895454545454545,22.0,85.91999999999997,113.184,486.76470588235304,1750.877192982456,1500.0,1950.0,0.5,0.95,,,,,,,75172.84437254258,140481.62566363552,290.24264236502927,542.4000990873958,0.5351080186994269,,266,10.0,193.25,494.5,854.5,1024.0,1024.0,1024.0,523.8345864661654
q3_4b,dflash-2,16,64,2048,2026-05-23T23:05:07.154838+00:00,2026-05-23T23:10:21.458538+00:00,314,0.8625149178679183,3.1922081433323104,0.0013669679655301612,0.022392515923566874,0.0004306159701724406,0.0007648652322510486,0.24216642071489025,258.9566422170075,259633.26644210526,165901.170722807,826.8575364398257,528.3476774611688,17.403846153846157,48.19620253164557,7.501644672050825e-06,1.9241625176147515e-05,0.10316438541807836,0.1910828025477707,0.1910828025477707,0.5978628920344158,0.9941715237302248,0.0,0.0,,0.2539215686274509,0.98525,0.10598577990483264,0.28372154963680374,0.375,5.73214285714286,10.050000000000002,520.3124232450754,2.0,62.0,26.05,0.0,4.0,0.4,0.4,0.0,0.004292817679558011,0.21464088397790054,9.00624999999999,25.568181818181817,102.07499999999997,117.61499999999997,526.7857142857142,1756.1224489795914,3500.0,4850.0,0.5,0.95,,,,,,,84392.77468613815,158069.81101621766,268.7667983634973,503.4070414529225,0.5338955879277898,,269,10.0,180.0,470.0,888.0,1539.0,1972.36,2048.0,578.7918215613383
q3_4b,dflash-2,2,32,1024,2026-05-23T23:10:14.538835+00:00,2026-05-23T23:12:02.200785+00:00,107,1.0925233644859813,0.9173989520859437,0.003911360841795332,0.037773862417649746,0.0006984686706285602,0.0009146672256059971,0.1370200949635404,296.67009345794395,64958.0,64103.7,607.0841121495328,599.1,32.36515889471565,48.23651588947157,7.108219960576559e-06,1.4311170058607284e-05,0.24140989900895896,0.5288138870971576,0.5543609082605531,0.38852543515324534,0.6119900083263947,0.0,0.0,,0.1937837837837838,1.1016666666666677,0.07435157538214715,0.1686719056974456,0.2851123595505618,3.187499999999996,4.637499999999999,669.0370106998811,0.0,32.0,22.714285714285715,0.0,0.0,0.0,0.0,0.0,0.0034637681159420293,0.17318840579710146,4.9350000000000005,22.84313725490196,81.35294117647054,115.09411764705882,645.8333333333334,1800.8333333333333,2132.0,4713.2,0.5,0.9499999999999998,,,,,,,36566.249263897065,70088.97678914678,341.7406473261408,655.0371662537082,0.5217118431319334,,112,13.0,219.5,516.0,979.25,1024.0,1024.0,1024.0,572.3660714285714
q3_4b,draft-q3-06b,16,16,1024,2026-05-24T00:37:42.298628+00:00,2026-05-24T00:44:02.734271+00:00,380,0.7817082306470547,1.735829400556394,0.0005034324942791761,0.006140350877192972,0.0001958898134785071,0.0002577464193719286,0.09951674376654739,175.00827067669172,259928.16666666666,148196.73809523808,684.0214912280702,389.9914160401002,34.76242562128107,48.98420546027302,4.253181759562202e-06,1.1713006796687182e-05,0.039473684210526314,0.14605263157894735,0.15552631578947368,0.4032363491430849,0.708250298923874,0.0,0.0,,0.153,0.42249999999999993,0.06455802023339816,0.1408012738853504,0.1735645933014354,0.2906249999999993,0.49145833333333283,394.7475630685534,0.0,16.0,12.32,0.0,5.0,0.2,0.2,0.0,0.0029999999999999996,0.15,0.297,13.97331841648648,36.81249999999999,39.3625,472.5,1673.0769230769229,1500.0,1950.0,0.5,0.95,,,,,,,83550.02541645487,132836.04903292473,219.86848793803912,349.568550086644,0.6289710212304355,,418,0.0,0.0,164.0,648.5,1024.0,1024.0,1024.0,338.08133971291863
q3_4b,draft-q3-06b,16,32,1024,2026-05-24T00:43:56.783504+00:00,2026-05-24T00:49:20.026245+00:00,323,0.888952256802998,2.6424272447365955,0.0011525688049272677,0.01327548729644014,0.00046700520185998645,0.0007432949474305806,0.24230664776816532,206.58424311552875,260477.92105263154,148394.97368421053,806.4331921134103,459.42716310901096,17.52331942859344,47.313759346253136,6.462710731747843e-06,1.7806716623433414e-05,0.08239043796064086,0.17746060460202465,0.18575851393188855,0.7056121771147678,0.9960143483459546,0.0,0.0,,0.1784722222222222,0.8429999999999986,0.11456951373279974,0.3039707903780074,0.20645161290322578,3.9624999999999972,5.616666666666658,465.02643350955674,1.0,32.0,22.285714285714285,0.0,3.0,0.19047619047619047,0.19047619047619047,0.0,0.003569444444444444,0.1784722222222222,4.916176470588231,24.11111111111111,57.537499999999994,68.59999999999977,532.7380952380952,1742.9999999999998,1500.0,1950.0,0.5,0.95,,,,,,,83653.25102167347,133040.2802685351,258.98839325595503,411.8894125960839,0.6287813799912597,,276,9.0,189.75,460.5,852.0,1024.0,1024.0,1024.0,516.2644927536232
q3_4b,draft-q3-06b,16,64,1024,2026-05-24T00:49:14.950177+00:00,2026-05-24T00:54:39.771277+00:00,324,0.8932291232689519,3.8722056265945857,0.011983731739637167,0.12100893997445719,0.0004971789285514776,0.0007498184458968773,0.29076706873139646,210.32356129439225,263108.96287433134,152285.23286949852,812.0647002294177,470.0161508317856,14.593023255813954,41.23076923076925,9.321761512966693e-06,2.5427321833055796e-05,0.12013595874355369,0.18518518518518517,0.18518518518518517,0.7890071931522709,0.9980071741729772,0.0,0.0,,0.29166666666666663,0.9550000000000025,0.11910916305510216,0.3713433274544383,3.154761904761904,39.26666666666664,71.55999999999999,461.89419763743723,2.0,60.0,26.047619047619047,0.0,30.0,6.095238095238095,6.095238095238095,0.0,0.009800000000000001,3.198529411764706,49.437500000000036,36.60714285714286,107.75,117.55,552.4691358024692,1755.0,1500.0,1950.0,0.5,0.95,,,,,,,83654.05723256186,131898.86790342364,258.1915346684008,407.0952713068631,0.6342287736223283,,274,10.0,193.25,482.5,886.75,1024.0,1024.0,1024.0,527.2226277372263
q3_4b,draft-q3-06b,16,64,2048,2026-05-24T00:54:34.817640+00:00,2026-05-24T01:01:03.256543+00:00,388,0.7338917525773198,4.239472102673472,0.01822430137178894,0.12411922559336899,0.0004189465384240718,0.0006309102822599173,0.2845333461341525,185.65243771477665,257167.8541666667,161220.58333333334,662.8037478522338,415.51696735395194,13.41314063426028,42.10564225690281,1.0132861529361627e-05,2.6296097030663296e-05,0.1028404679494338,0.15463917525773196,0.15463917525773196,0.731811631971058,0.9992028696691909,0.0,0.0,,0.35909090909090907,0.8079999999999998,0.11475773696128823,0.37698527808069776,5.34375,17.01851851851852,19.403703703703705,428.0182930894254,1.0,47.0,22.884615384615383,0.0,26.0,7.230769230769231,7.230769230769231,0.0,0.015076923076923076,5.68627450980392,40.199999999999996,34.48275862068965,111.07692307692307,181.2,546.1538461538461,1768.4210526315787,3500.0,4850.0,0.5,0.95,,,,,,,92875.6149918001,146169.5497393368,239.37014173144357,376.72564365808455,0.6353964636097229,,270,10.0,188.5,452.0,828.5,1439.1999999999998,1904.13,2048.0,569.1666666666666
q3_4b,draft-q3-06b,2,32,1024,2026-05-24T01:00:57.868781+00:00,2026-05-24T01:02:59.029634+00:00,121,0.9607438016528925,1.0635547058364234,0.00300782599452579,0.03377061604532822,0.0009532850441941351,0.0019548326366508185,0.23840795204760437,233.31611570247935,65013.33333333334,62346.333333333336,537.3002754820938,515.2589531680441,19.840092114797283,46.95044271428827,8.35079687056674e-06,1.7058817238700325e-05,0.2275440029866758,0.46903539203420475,0.49050129328287406,0.637875078289586,0.8417696293343961,0.0,0.0,,0.21707317073170732,0.7870000000000003,0.0927988812089972,0.3004906832298133,0.2058411214953271,4.840277777777777,9.185,538.0370940552451,10.0,32.0,25.857142857142858,0.0,0.0,0.0,0.0,0.0,0.0044132231404958675,0.2206611570247934,12.033333333333339,26.0,60.66666666666657,108.13333333333331,609.375,1792.1052631578948,1855.769230769231,4639.189189189189,0.5,0.95,,,,,,,35970.04666799999,58295.710151368694,297.2731129586776,481.7827285237082,0.6170273348519362,,111,13.0,192.5,528.0,965.5,1024.0,1024.0,1024.0,547.063063063063
q3_4b,eagle3-2,16,16,1024,2026-05-24T02:35:35.192477+00:00,2026-05-24T02:40:06.844791+00:00,271,1.0415985949166002,1.3155989512243917,0.0007106190073035214,0.020727132906579186,0.00015117956908421986,0.00033659866641933586,0.09385184331434555,269.345710508455,256505.90900535265,144690.12887477208,946.5162693924452,533.9119146670556,35.90956456893705,58.68123191899706,3.279192282595487e-06,9.09252733034076e-06,0.04460093557838575,0.2009352811721493,0.21730882745214203,0.2213586030664395,0.37414821124361164,0.0,0.0,,0.1614942528735632,8.594999999999999,0.04169504351116156,0.1191753494282086,0.1853125,7.658333333333332,9.531666666666666,540.519661819836,0.0,16.0,12.777777777777779,0.0,0.0,0.0,0.0,0.0,0.0030654545454545457,0.15327272727272728,7.189999999999999,11.96808510638298,29.083333333333332,36.487500000000004,484.0909090909091,1694.565217391304,1500.0,1950.0,0.5,0.95,,,,,,,73605.79031574985,145578.60022273462,271.60808234594043,537.190406725958,0.50560858672314,,278,10.0,170.0,453.5,841.5,1024.0,1024.0,1024.0,508.63309352517985
q3_4b,eagle3-2,16,32,1024,2026-05-23T22:32:19.669892+00:00,2026-05-23T22:36:36.888336+00:00,257,1.1374496153024956,2.051600494752941,0.0014610810702086366,0.010315389151594145,0.00028178726156424333,0.0003790684616847663,0.14792660426135154,295.92976638537175,265133.42314150825,150700.85775835128,1031.6475608618998,586.3846605383318,34.01075303055857,49.874841902052665,4.93369736211576e-06,1.3613728052183226e-05,0.07838436050289399,0.21795516756779912,0.23036146152912404,0.34502286537618243,0.5395101171458999,0.0,0.0,,0.17011494252873563,0.9786666666666665,0.07537084752671266,0.14740564775160594,0.24517857142857144,2.382142857142852,4.480357142857142,602.9974875104687,1.0,32.0,21.58823529411765,0.0,5.0,0.29411764705882354,0.29411764705882354,0.0,0.0032290909090909093,0.16145454545454546,3.5200000000000036,16.666666666666668,45.2258064516129,49.04516129032258,479.7297297297297,1753.3333333333333,1500.0,1950.0,0.5,0.95,,,,,,,77661.86390890037,154612.69744709396,302.18624089066293,601.6058266423889,0.5022993919078027,,275,10.0,192.0,462.0,868.0,1024.0,1024.0,1024.0,521.9527272727273
q3_4b,eagle3-2,16,64,1024,2026-05-23T22:36:30.418183+00:00,2026-05-23T22:40:35.505396+00:00,245,1.1710070516800273,2.5536473986257846,0.0016060509276921945,0.01800315624554382,0.0003958914599526618,0.0009557645052403129,0.2332465686388029,303.6832361516034,259484.92857142858,147704.5357142857,1059.1221574344024,602.8756559766764,19.40740740740741,58.75000000000005,6.2713985075850495e-06,1.7288889513626498e-05,0.10590182018753447,0.24489795918367346,0.24489795918367346,0.4513445154419595,0.7793397231096911,0.0,0.0,,0.19600000000000004,0.9701538461538465,0.09083326807110972,0.1965807136788444,0.3633540372670807,4.487804878048779,6.299999999999995,627.887235054378,1.0,60.0,28.375,0.0,0.0,0.0,0.0,0.0,0.003644628099173554,0.18223140495867768,4.801351351351351,18.82352941176471,75.90000000000002,111.18,487.8378378378379,1732.7272727272727,1500.0,1950.0,0.5,0.95,,,,,,,77292.94352419344,153174.68077635902,315.4814021395651,625.2027786790164,0.5046065259117082,,273,10.0,159.0,454.0,885.0,1024.0,1024.0,1024.0,511.6959706959707
q3_4b,eagle3-2,16,64,2048,2026-05-23T22:40:28.890575+00:00,2026-05-23T22:45:18.334022+00:00,289,0.9792047019435443,2.9002717765577017,0.0013798138016979946,0.014875006541202055,0.0004538916913328053,0.0008239358819360486,0.23734627408205536,284.67657235904744,259155.70588235298,164623.70588235292,896.7325463057197,569.6322002849582,17.3121387283237,53.035714285714356,6.843824159555946e-06,1.7617582844540986e-05,0.10049696941548036,0.20761245674740483,0.20761245674740483,0.4678885712684267,0.7957401490947817,0.0,0.0,,0.20661764705882352,0.9625333333333334,0.10453141218921458,0.1983650793650794,0.371969696969697,4.290760869565218,4.90163043478261,582.174682775428,1.0,62.0,26.894736842105264,0.0,0.0,0.0,0.0,0.0,0.0036973684210526315,0.1848684210526316,4.810135135135135,21.770833333333336,92.03571428571429,116.1214285714286,473.64864864864865,1779.0000000000002,3494.642857142857,4849.464285714285,0.5,0.95,,,,,,,85234.22395721449,166156.9641256602,294.92811057859683,574.937592130312,0.5129741290455576,,271,10.0,183.5,449.0,866.5,1561.5,1986.400000000001,2048.0,579.5756457564576
q3_4b,eagle3-2,2,32,1024,2026-05-23T22:45:10.743716+00:00,2026-05-23T22:46:50.155244+00:00,99,1.1073232323232323,0.7979597232794429,0.004282791811484119,0.04073455139631609,0.0007572821235611934,0.0009890474512567536,0.09998512142608663,293.7702020202021,61704.5,56446.0,623.2777777777778,570.1616161616162,33.99558454135275,48.39955845413527,6.753756634795814e-06,1.4136692117766412e-05,0.24871346517783086,0.5703258919723285,0.5989136632429505,0.3332978345757898,0.48391906283280084,0.0,0.0,,0.18571428571428572,0.968,0.06830963389455931,0.17282380396732816,0.24269911504424777,2.8942307692307665,4.578846153846153,732.648328802175,2.0,32.0,24.166666666666668,0.0,0.0,0.0,0.0,0.0,0.0033333333333333327,0.16666666666666666,4.0714285714285685,22.678571428571427,77.64705882352936,114.35294117647061,626.5060240963855,1846.1538461538457,2364.864864864865,4736.486486486486,0.5,0.95,,,,,,,35770.67007836239,73525.66767951383,361.31989978143827,742.6835119142811,0.486505885730692,,109,13.0,204.0,553.0,951.0,1024.0,1024.0,1024.0,557.3394495412844
q3_4b,ngram-2,16,16,1024,2026-05-24T01:54:25.610334+00:00,2026-05-24T02:01:34.324540+00:00,428,0.6914160694971923,2.0034161896225213,0.0004230102502261079,0.002920560747663548,8.41740813344364e-05,0.0001439068477421891,0.08627155181436234,288.3206685117606,263137.7016729294,151469.4787356889,614.8077141890874,353.9006512516096,34.53640999543563,48.758476147265434,4.832082714168249e-06,1.3226533862432055e-05,0.04334727004426955,0.13050295130349238,0.13825012297097886,0.2140116019634092,0.34196787148594376,0.0,0.0,,0.1508196721311475,0.2986229508196721,0.038031927724870455,0.08633736059479528,0.1153225806451613,0.2379838709677419,0.2488870967741935,349.13178468727534,0.0,16.0,13.148148148148149,0.0,0.0,0.0,0.0,0.0,0.003,0.15,0.297,19.499999999999996,40.79999999999999,48.16,572.7272727272726,1795.5555555555554,1500.0,1949.9999999999998,0.5,0.9499999999999998,,,,,,,28276.51923076923,77589.96153846153,66.06663371675054,181.28495686556434,0.36443527835430733,,328,0.0,80.0,361.5,815.5,1024.0,1024.0,1024.0,448.6128048780488
q3_4b,ngram-2,16,32,1024,2026-05-24T02:01:28.229336+00:00,2026-05-24T02:07:18.606254+00:00,350,0.8310725303230623,2.920041789961727,0.0006444320125146829,0.006735267234081912,0.00020602928277831326,0.0002777457854206885,0.09906626521689067,351.60600405721664,263810.67507894087,151004.77825657438,753.7447859398311,431.4422235902125,16.364339211075777,43.002833357632305,7.0393756222960894e-06,1.9337413184371172e-05,0.0835346276230753,0.17142857142857143,0.17142857142857143,0.35178976776671905,0.5082329317269076,0.0,0.0,,0.15072115384615384,0.2984278846153846,0.06094961706082164,0.12988827258320138,0.16609374999999998,0.24245312499999996,0.249240625,426.4701846452612,2.0,32.0,22.91304347826087,0.0,0.0,0.0,0.0,0.0,0.003014423076923077,0.15072115384615384,0.2984278846153846,29.21875,88.64999999999996,113.72999999999999,595.0704225352113,1777.6595744680849,1500.0,1950.0,0.5,0.95,,,,,,,28315.041220941363,76830.64226048879,80.90011777411817,219.5161207442537,0.3685383902550397,,277,10.0,197.0,482.0,869.0,1024.0,1024.0,1024.0,526.6101083032491
q3_4b,ngram-2,16,64,1024,2026-05-24T02:07:11.756751+00:00,2026-05-24T02:12:55.326203+00:00,343,0.8297901846171236,3.5373774140217042,0.000949596272465011,0.010908603721315894,0.00023726645070022115,0.0006490012840894464,0.2214930253940783,353.68915729557136,257832.19047619047,147812.9761904762,751.6973483270859,430.9416215465779,15.78048780487805,41.70408163265306,8.720373628729799e-06,2.3931440291570437e-05,0.09937669649140445,0.1749271137026239,0.1749271137026239,0.4295637093829865,0.7833333333333333,0.0,0.0,,0.15942028985507248,0.7266666666666668,0.07772356805227304,0.1498705010392736,0.17113970588235294,0.33749999999999974,0.46749999999999997,434.8466429194489,2.0,64.0,29.40909090909091,0.0,0.0,0.0,0.0,0.0,0.003267326732673267,0.16336633663366337,4.541666666666666,33.82352941176471,107.05882352941175,117.41176470588236,618.7500000000001,1775.5102040816325,1500.0,1950.0,0.5,0.95,,,,,,,27435.501320110016,76084.08329489785,79.98688431518956,221.81948482477506,0.3605944914098718,,273,10.0,179.0,483.0,885.0,1024.0,1024.0,1024.0,523.3479853479854
q3_4b,ngram-2,16,64,2048,2026-05-24T02:12:48.560434+00:00,2026-05-24T02:19:48.825590+00:00,420,0.6443420432316878,3.9819051745885146,0.0007628051220488195,0.009355158730158727,0.0001918136683027044,0.0005277485994397758,0.21885782805276213,326.5921042532588,254993.82563579548,168831.02896930507,607.1281562757035,401.9786404031073,16.269035532994923,43.41666666666665,9.395166732962512e-06,2.3585150187720877e-05,0.0896796218487395,0.14285714285714285,0.14285714285714285,0.41277703406217464,0.7572289156626506,0.0,0.0,,0.15236220472440945,0.4419999999999995,0.05811221590909091,0.12195255474452552,0.1565068493150685,0.24250000000000002,0.2675000000000031,391.4219424050854,1.0,59.0,25.48148148148148,0.0,0.0,0.0,0.0,0.0,0.0030234375,0.15117187499999998,0.2993203125,36.17647058823529,113.87499999999999,201.29999999999993,708.3333333333334,1856.4516129032256,3500.0,4850.0,0.5,0.95,,,,,,,31905.284194597818,88104.57814604895,75.96496236809004,209.77280510964036,0.3621296970710098,,269,10.0,168.0,472.0,870.0,1479.2,1891.2799999999993,2048.0,580.7955390334572
q3_4b,ngram-2,2,32,1024,2026-05-24T02:19:42.230991+00:00,2026-05-24T02:21:59.068000+00:00,136,0.8324579831932774,1.1477038831084365,0.0016735181490539323,0.029388495904690986,0.0005423402804830542,0.0007159987339306584,0.09843374132149643,368.6832983193278,62986.0,60373.5,463.13235294117646,443.9227941176471,17.173518540440142,45.04937381004294,9.303733260174016e-06,1.9010060425657556e-05,0.21267119824649436,0.43517138322635335,0.4411764705882353,0.28676929941990187,0.46365461847389555,0.0,0.0,,0.17653846153846153,0.7541,0.05333003816267415,0.11597293233082691,0.17300000000000001,3.6442307692307674,4.7288461538461535,514.1054596671361,1.0,32.0,24.0,0.0,0.0,0.0,0.0,0.0,0.003451127819548872,0.1725563909774436,4.234999999999999,28.166666666666668,59.675,106.88571428571426,664.8936170212767,1829.9999999999998,1676.9911504424779,4426.25,0.5,0.95,,,,,,,12191.250864662594,33973.6475843619,89.64155047546025,249.80623223795513,0.358844331754187,,113,13.0,211.0,507.0,970.0,1024.0,1024.0,1024.0,557.3185840707964
q3_4b,prefix-cache,16,16,1024,2026-05-23T23:38:01.722121+00:00,2026-05-23T23:43:27.338750+00:00,325,0.9073783702772271,1.5470254720380385,0.0005631917915527421,0.0018675415700255746,0.00010769230769230771,0.00014923076923076923,0.04927632717453287,463.34560338132206,267486.7579474735,149997.52515824948,823.0361782999184,461.53084664076766,35.0,48.5,3.7055897302995536e-06,1.0313673311649009e-05,0.041101361759949294,0.1692363586843114,0.18153957942916996,0.19655637288166267,0.29735892076762305,0.0,0.0,,0.1536515902719716,0.4158440137978511,0.036810339504811634,0.07189948119325557,0.15233516483516485,0.2424587912087912,0.29750000000000065,450.55369230769224,1.0,16.0,13.0,0.0,0.0,0.0,0.0,0.0,0.0029999999999999996,0.15,0.297,12.833715146117068,29.5,37.13333333333333,446.79716875493506,1692.8571428571427,1500.0,1950.0,0.5,0.95,,,,,,,0.0,0.0,0.0,0.0,,,279,10.0,165.0,468.0,844.0,1024.0,1024.0,1024.0,509.2114695340502
q3_4b,prefix-cache,16,32,1024,2026-05-23T23:43:20.280320+00:00,2026-05-23T23:47:48.364379+00:00,268,1.0692630597014925,1.9493695100721988,0.0009937736800349965,0.008880597014925365,0.0001309965821633185,0.00018172932700582752,0.0694073399432841,552.505130597015,257903.625,147498.25,962.3269589552239,550.366604477612,34.24538490329862,48.42453849032986,4.8084866654161354e-06,1.3216221277691083e-05,0.07034447850381655,0.2085269851638145,0.2208098746447032,0.28372073384423757,0.4784343530305909,0.0,0.0,,0.163953488372093,0.9373333333333334,0.036846161771465706,0.12488534396809595,0.18325991189427315,2.4785714285714273,4.496428571428571,567.8146225157253,1.0,32.0,19.166666666666668,0.0,11.0,0.6111111111111112,0.6111111111111112,0.0,0.0032290076335877863,0.16145038167938933,3.589999999999998,16.875,39.644067796610166,47.65,464.00000000000006,1733.9622641509432,1500.0,1950.0,0.5,0.95,,,,,,,0.0,0.0,0.0,0.0,,,278,10.0,189.25,437.5,882.75,1024.0,1024.0,1024.0,514.0395683453237
q3_4b,prefix-cache,16,64,1024,2026-05-23T23:47:41.499958+00:00,2026-05-23T23:51:48.470620+00:00,246,1.1372183874841655,2.299724579059354,0.0014618975641618847,0.01625040442205509,0.0001540135119661056,0.00034354550862581795,0.08618980135129214,596.8979384436701,258478.82142857142,146262.75,1050.7269163763067,594.564024390244,25.25974025974026,47.52597402597402,5.681957924268247e-06,1.5723241762235114e-05,0.10310421286031042,0.22982261640798227,0.24108647450110868,0.36103458103743113,0.7144214326429793,0.0,0.0,,0.19266666666666668,0.9587142857142857,0.036623498423594206,0.14420548277535158,0.2083815028901734,4.222826086956521,4.844565217391304,595.7763632807638,1.0,60.0,24.8125,0.0,0.0,0.0,0.0,0.0,0.003658227848101266,0.1829113924050633,4.804729729729729,20.24193548387097,53.71739130434782,58.743478260869566,461.1111111111112,1722.1153846153845,1500.0,1950.0,0.5,0.95,,,,,,,0.0,0.0,0.0,0.0,,,267,10.0,190.0,446.0,815.0,1024.0,1024.0,1024.0,501.82022471910113
q3_4b,prefix-cache,16,64,2048,2026-05-23T23:51:41.532615+00:00,2026-05-23T23:57:00.888491+00:00,319,0.8707519119887261,2.5970602688286233,0.0011126291764412476,0.012398435520084782,0.000135340604058341,0.00029126046367425676,0.08918803318983183,513.1408183468076,260339.99999999997,163118.34210526315,816.1128526645767,511.3427652202606,19.416058394160586,46.80165289256198,6.132976991118165e-06,1.592132580131727e-05,0.08872064825220324,0.18808777429467086,0.18808777429467086,0.35668820064601936,0.7256317689530686,0.0,0.0,,0.1751269035532995,0.9628571428571425,0.036907735245144985,0.14426996047430846,0.17941176470588235,0.36249999999999977,0.4725,501.84404909055104,1.0,62.0,22.55,0.0,0.0,0.0,0.0,0.0,0.003415841584158416,0.1707920792079208,4.738636363636363,25.249999999999996,79.41176470588233,111.88235294117646,600.0,1806.1224489795918,3500.0,4850.0,0.5,0.95,,,,,,,0.0,0.0,0.0,0.0,,,279,10.0,189.0,452.0,846.0,1492.1999999999998,1827.599999999999,2048.0,568.9713261648745
q3_4b,prefix-cache,2,32,1024,2026-05-23T23:56:53.353356+00:00,2026-05-23T23:58:40.894509+00:00,107,1.0776372630449504,0.9567187373220126,0.002320872274143302,0.021775700934579402,0.0003271028037383178,0.00045327102803738317,0.06285462094077933,694.8210193452148,63684.54813654243,74085.03469564636,595.1826928648825,692.3835018284707,35.0,48.5,6.9443393647155826e-06,1.291379212080243e-05,0.24354506573736734,0.5290274037699985,0.5544036115951212,0.2693964152257901,0.40547216416492493,0.0,0.0,,0.17549019607843133,0.9774285714285713,0.035946374287352464,0.09737659033078852,0.18638392857142858,3.490384615384613,4.698076923076923,635.2657528971964,2.0,32.0,23.0,0.0,0.0,0.0,0.0,0.0,0.0033773584905660375,0.16886792452830188,4.360714285714285,22.125,47.36666666666666,66.29999999999993,644.7368421052631,1834.3749999999998,1799.107142857143,4599.253731343283,0.5,0.95,,,,,,,0.0,0.0,0.0,0.0,,,113,13.0,231.0,514.0,953.0,1024.0,1024.0,1024.0,553.0884955752213
